LLM,Real
Absolute Total Care,Advocate Health
Aetna,Aetna
Aetna Better Health,Affinity by Molina HealthCare
Ambetter (Centene),Alameda Alliance for Health
AmeriHealth Caritas (NC),Alignment Healthcare
Amerigroup Georgia,Amerigroup District of Columbia
Amerigroup Texas,Amerigroup Georgia
Amerigroup/Wellpoint Maryland,Amerigroup Nevada
Amerihealth,Amerigroup Tennessee
Amerihealth Caritas Ohio,Amerihealth
Anthem BCBS Indiana,Amerihealth Caritas New Hampshire
Anthem BCBS Indiana Blue Access PPO,Amerihealth Caritas North Carolina
Anthem BCBS Kentucky,Amerihealth Caritas Ohio
Anthem BCBS Ohio,Amerihealth Caritas Pennslyvania
Anthem Hoosier Healthwise,Anthem BC of California
Arkansas Health and Wellness,Anthem BCBS of Connecticut
Aspirus Health Plan,Anthem BCBS of Georgia
BC Community Options,Anthem BCBS of Kentucky
BCBS Arizona,Anthem BCBS of Indiana
BCBS Illinois,Anthem BCBS of Maine
BCBS Kansas,Anthem BCBS of Missouri
BCBS Minnesota,Anthem BCBS of New Hampshire
BCBS Minnesota Blue Plus,Anthem BCBS of  Wisconsin
BCBS North Carolina,Anthem Health Plans of Virginia
BCBS North Dakota,APC Passe LLC dba Summit Community Care
BCBS South Carolina (Avalon),Asuris Northwest Health
BCBS Tennessee,Avera Health Plans
BCBS Tennessee Medicaid MCO,BC of Idaho
BCBS Texas,BCBS Federal Employee Plan
Blue Choice/Healthy Blue South Carolina,BCBS of Alabama
Blue Cross Community Options Illinois,BCBS of Arizona
Blue Shield California,BCBS of Hawaii
Buckeye Health Plan,BCBS of Illinois
Capital Blue Cross,BCBS of Kansas
CareFirst Community Health Plan,BCBS of Massachusetts
CareSource Georgia,BCBS of Michigan
CareSource Indiana,BCBS of Minnesota
CareSource Ohio,BCBS of Nebraska
Carolina Complete Health,BCBS of North Carolina
Centene Corporation,BCBS of North Dakota
Cigna,BCBS of Rhode island
Community First HP STAR Kids,BCBS of South Carolina
Community First Health Plans,BCBS of Texas
Community Health Choice,BCBS of Vermont
Community Health Plan of Washington,Blue Care Network HMO
ConnectiCare,Brighton Health Network
Cook Children’s Health Plan,BS of California
Coordinated Care Health Plan,CalOptima
County Care,Capital BC
Dean Health Plan,Capital Health Plan
Dell Children’s Health Plan,CareFirst BCBS
Driscoll Children,CareSource Georgia
El Paso Health Plans Star MCD,CareSource Ohio
First Care Star,CareSource Kentucky
GEHA,Cigna
Geisinger,Claimsbridge
Harvard Pilgrim Health Plan,Commonwealth Care Alliance
Health Alliance,Community Care Alliance of Illinois
Health New England,Community Care of New Mexico
Health Plan of Nevada,Community First Health Plans
HealthNet,CORE Care Select
HealthPartners,CountyCare
Healthy Blue Missouri,Dean Health Plan
Hennepin,Dell Children's Health Plan
Highmark,Devoted Health
Home State Health Plan,Driscoll Health Plan
Horizon BCBS New Jersey,Empire BCBS
Humana MCO South Carolina,Evolutions Healthcare Systems-PPO Network
Humana Medicaid Kentucky,Fallon Health
Humana Medicaid Ohio,FedMed
ITASCA Medical Care,Fidelis Care NY
Independence Blue Cross,First Choice Health Network
Jefferson Health Plan (formerly Health Partners Plans),Geisinger Health Network
Johns Hopkins Healthcare,Gulf Coast Provider Network
MDWise Healthy Indiana Plan,Hamaspik Choice
MDWise Hoosier Healthwise,Health Alliance Medical Plans
Managed Health Services Indiana,Health New England
Maryland Physicians Care,Healthcare Partners Affiliates Medical Group
Mass General Brigham,Healthfirst
Medica Health Plans,HealthPartners
"Medica Health Plans (ND, SD)",Health Value Management dba ChoiceCare Network
Medicaid,Healthy Blue Louisiana
Meridian Health Plan of Michigan,Healthy Blue Missouri
Meridian Illinois,Healthy Blue Nebraska
Meritain Health,Healthy Blue North Carolina
Molina Healthcare,Highmark BCBS
Molina Healthcare of Illinois,Highmark BCBS of Delaware
Molina Healthcare of South Carolina,Highmark BCBS of Western New York
Molina Healthcare of Texas,Highmark BS of Northeasatern New York
Molina Ohio,Highmark Wholecare
Montana,Humana / ChoiceCare
Network Health WI,Illinois Health Partners
North Dakota,Independence Blue Cross
Oscar Health Insurance,Independent Medical Systems
Oxford Health,Indiana University Health Plan Services
Parkland Community Health Plan,Inland Empire Health Plan and IEHP Health Access
Passport Health Plan,Johns Hopkins Healthcare
Peach State Health Plan,Joint Venture Hospital Labs
Preferred One,Loyola University Medical Center
PrimeWest Health,Luthern Hospital of Indiana
PrimeWest Health (Commercial),Luthern Preferred of Indiana- MedPartners
Priority Health Michigan,MagnaCare
Priority Partners,Maryland Physicians Care
RightCare from Scott & White,Mass General Brigham Health Plan
Rocky Mountain Health Plans,MDWise
Scott & White,MedCost-Virginia Health Network
Security Health Plan,Medica
SelectHealth,Memorial Integrated Healthcare
SelectHealth of South Carolina,Molina Complete Care of Virginia
Sentara,Molina Healthcare of Illinois
Sierra Health and Life,Molina Healthcare of New York
South Country Health Alliance,Molina Healthcare of South Carolina
Sunflower Health Plan,Molina Healthcare of Texas
Superior Health Plan,Molina Healthcare of Utah
Tennessee,Multiplan
Texas Childrens Health Plan,"MVP Health Plan, MVP Select Care, MVP Affiliates"
Tricare East,Neighborhood Health Plan of Rhode island
Tufts Health Plan,Network Health
Tufts Health Plan Public Plans,Northshore Physician Associates
UCARE – MINNCARE,Oscar
UHC Community Health Plan,Oxford Health Plans
UMR,PacificSource Community Solutions
United Healthcare,PacificSource Health
United Healthcare Community Plan,Parkland Community Health Plan
Washington Medicaid (FFS),Partners Health Plan
Well Sense Health Plan,Point32Health - Harvard Pilgrim
WellCare,Point32Health - Tufts Health Plan
WellCare (KY),Priority Health of MI
WellCare (NC),Regence BCBS Oregon
Wellmark BCBS,Regence BCBS Utah
Wellpoint (Amerigroup Washington State Medicaid),Regence BS Idaho
Youthcare Healthchoice Illinois,Regence BS Washington
,Rocky Mountain Health Plans
,Sanford Health Plan
,Scott and White Health Plan
,Select Health (VNS Choice)
,Sentara Health Plans
,Seton Health Plan
,Sharp Health Plan
,South Florida Community Care Network
,Sunrise Advantage Plan
,Texas Children's Health Plan
,Tricare
,Ucare
,United Healthcare
,United Healthcare Community Plan
,United Healthcare Plan of the River Valley
,University of Maryland Health Plans
,US Family Health Plan - Saint Vincent
,US Family Health Plan - Christus Health
,Wellmark BCBS of South Dakota
,Wellmark BCBS of Iowa
,Wellpoint IA
,Wellpoint MD
,Wellpoint NJ
,Wellpoint TX
,"Wellpoint Washington, INC"
,Aetna Better Health
,Cigna + Oscar
,Cook Children's Health Plans
,Empire BCBS-HealthPlus
,Quartz Health Plan Corporation
,Common Ground Healthcare Cooperative
,Summacare
,Blue Cross Complete of Michigan
,Viva Health
,Community Care Plan Florida
,Florida Community Care
,Amerigroup Real Solutions
,First Carolina Care
,Priority Partners
,Highmark West Virginia
,Piedmont Community Health Plan
